Total,,,Top 25,,,,don't matter,,Avg,,With S&P,,Without S&P,,Lowest 134
SPY,542.529,,SPY,542.529,,AAIT,1.000,,2.917,,1679.203,,1136.674,,4.10%
QQQ,151.662,,QQQ,151.662,,ABCS,1.000,,,,4049.480,,4049.480,,
IWM,104.438,,IWM,104.438,,AGOL,1.000,,,,41.47%,,,,
GLD,92.104,,GLD,92.104,,AXIT,1.000,,,,,,,,
USO,79.901,,USO,79.901,,AZIA,1.000,,,,,,,,
DIA,73.210,,DIA,73.210,,BGU,1.000,,,,,,,,
IBB,62.836,,IBB,62.836,,BONO,1.000,,,,,,,,
TLT,55.129,,TLT,55.129,,BRAF,1.000,,,,,,,,
GDX,45.574,,GDX,45.574,,BRIS,1.000,,,,,,,,
UVXY,45.411,,UVXY,45.411,,BRXX,1.000,,,,,,,,
VXX,40.798,,VXX,40.798,,BRZS,1.000,,,,,,,,
OIL,38.527,,OIL,38.527,,BSCF,1.000,,,,,,,,
NUGT,34.452,,NUGT,34.452,,BSJF,1.000,,,,,,,,
XLF,33.288,,XLF,33.288,,BSR,1.000,,,,,,,,
GBTC,31.501,,GBTC,31.501,,BVT,1.000,,,,,,,,
XBI,30.323,,XBI,30.323,,CFT,1.000,,,,,,,,
XLE,29.647,,XLE,29.647,,CHIE,1.000,,,,,,,,
SLV,27.157,,SLV,27.157,,CHXF,1.000,,,,,,,,
UWTI,25.816,,UWTI,25.816,,CSCB,1.000,,,,,,,,
EEM,24.811,,EEM,24.811,,CSMB,1.000,,,,,,,,
USD,24.721,,USD,24.721,,DBAP,1.000,,,,,,,,
FXI,23.398,,FXI,23.398,,DBT,1.000,,,,,,,,
UUP,22.665,,UUP,22.665,,DDI,1.000,,,,,,,,
UNG,20.120,,UNG,20.120,,DKA,1.000,,,,,,,,
DUST,19.187,,DUST,19.187,,DMM,1.000,,,,,,,,
UGAZ,18.541,,,,,DND,1.000,,,,,,,,
JNUG,17.674,,,,,DOIL,1.000,,,,,,,,
TVIX,17.647,,,,,DSTJ,1.000,,,,,,,,
XIV,15.313,,,,,DSV,1.000,,,,,,,,
HYG,14.695,,,,,EEG,1.000,,,,,,,,
UCO,14.428,,,,,EEHB,1.000,,,,,,,,
GDXJ,14.413,,,,,EFU,1.000,,,,,,,,
DFVS,12.871,,,,,EKH,1.000,,,,,,,,
XLU,12.786,,,,,ELG,1.000,,,,,,,,
DGAZ,12.643,,,,,EMDI,1.000,,,,,,,,
TNA,12.456,,,,,EMM,1.000,,,,,,,,
TZA,12.431,,,,,ERW,1.000,,,,,,,,
XLK,11.866,,,,,FCV,1.000,,,,,,,,
EWZ,11.786,,,,,FHC,1.000,,,,,,,,
SH,11.398,,,,,FLG,1.000,,,,,,,,
SDS,10.804,,,,,FMV,1.000,,,,,,,,
JDST,10.427,,,,,FPA,1.000,,,,,,,,
VOO,10.400,,,,,GASZ,1.000,,,,,,,,
XOP,10.279,,,,,GDAY,1.000,,,,,,,,
XRT,10.202,,,,,GERJ,1.000,,,,,,,,
SSO,10.130,,,,,GGGG,1.000,,,,,,,,
SCO,10.123,,,,,GLCB,1.000,,,,,,,,
LIT,10.033,,,,,GSGO,1.000,,,,,,,,
XLV,9.890,,,,,GSMA,1.000,,,,,,,,
IVV,9.545,,,,,GSO,1.000,,,,,,,,
BNO,9.426,,,,,GSRA,1.000,,,,,,,,
SPXU,8.943,,,,,HGI,1.000,,,,,,,,
JNK,8.755,,,,,HHH,1.000,,,,,,,,
XLP,8.510,,,,,HYE,1.000,,,,,,,,
TQQQ,8.203,,,,,IBCB,1.000,,,,,,,,
OIH,7.962,,,,,IBCC,1.000,,,,,,,,
EWJ,7.860,,,,,IBCD,1.000,,,,,,,,
XLY,7.406,,,,,IBCE,1.000,,,,,,,,
DBO,7.224,,,,,IBDA,1.000,,,,,,,,
XLI,7.197,,,,,IBDC,1.000,,,,,,,,
TBT,7.003,,,,,IBDD,1.000,,,,,,,,
UPRO,6.863,,,,,IDHB,1.000,,,,,,,,
IPO,6.666,,,,,IFAS,1.000,,,,,,,,
IEF,6.589,,,,,IFSM,1.000,,,,,,,,
IAU,6.497,,,,,IGU,1.000,,,,,,,,
IYR,6.309,,,,,IGW,1.000,,,,,,,,
RSX,6.263,,,,,IIH,1.000,,,,,,,,
SMH,6.125,,,,,IOIL,1.000,,,,,,,,
XLB,6.058,,,,,IPK,1.000,,,,,,,,
UDN,5.627,,,,,IQDY,1.000,,,,,,,,
DTO,5.507,,,,,IRO,1.000,,,,,,,,
RINF,5.491,,,,,JJS,1.000,,,,,,,,
SQQQ,5.465,,,,,JYF,1.000,,,,,,,,
ERO,5.262,,,,,KME,1.000,,,,,,,,
EFA,5.255,,,,,LATM,1.000,,,,,,,,
SPXS,5.201,,,,,LHB,1.000,,,,,,,,
XME,5.151,,,,,MATH,1.000,,,,,,,,
XHB,5.090,,,,,MATL,1.000,,,,,,,,
VNQ,4.997,,,,,MKH,1.000,,,,,,,,
KRE,4.955,,,,,MWJ,1.000,,,,,,,,
ITB,4.908,,,,,MZZ,1.000,,,,,,,,
USL,4.803,,,,,NFO,1.000,,,,,,,,
SPLV,4.749,,,,,ONN,1.000,,,,,,,,
CNY,4.657,,,,,OTP,1.000,,,,,,,,
JJC,4.568,,,,,OTR,1.000,,,,,,,,
ASHR,4.550,,,,,PAO,1.000,,,,,,,,
EWG,4.520,,,,,PFA,1.000,,,,,,,,
FAS,4.504,,,,,PFEM,1.000,,,,,,,,
RSP,4.471,,,,,PFIG,1.000,,,,,,,,
PSQ,4.341,,,,,PIQ,1.000,,,,,,,,
DNO,4.320,,,,,PJF,1.000,,,,,,,,
AUD,4.303,,,,,PLK,1.000,,,,,,,,
ERX,4.277,,,,,PMNA,1.000,,,,,,,,
EWU,4.154,,,,,PQY,1.000,,,,,,,,
VGK,4.144,,,,,PQZ,1.000,,,,,,,,
GBB,4.123,,,,,QQQM,1.000,,,,,,,,
VWO,4.005,,,,,RETS,1.000,,,,,,,,
LAG,3.901,,,,,RHO,1.000,,,,,,,,
FAZ,3.829,,,,,RMM,1.000,,,,,,,,
SGOL,3.827,,,,,ROB,1.000,,,,,,,,
TMV,3.785,,,,,ROI,1.000,,,,,,,,
KBE,3.748,,,,,RPX,1.000,,,,,,,,
JO,3.731,,,,,RSU,1.000,,,,,,,,
AMLP,3.710,,,,,RTG,1.000,,,,,,,,
JYN,3.710,,,,,RWG,1.000,,,,,,,,
NKY,3.703,,,,,RWXL,1.000,,,,,,,,
AGG,3.643,,,,,SAGG,1.000,,,,,,,,
RTLA,3.642,,,,,SBV,1.000,,,,,,,,
DXJ,3.626,,,,,SCOG,1.000,,,,,,,,
CORN,3.589,,,,,SCTR,1.000,,,,,,,,
VTI,3.585,,,,,SJH,1.000,,,,,,,,
USLV,3.574,,,,,SMMU,1.000,,,,,,,,
YINN,3.511,,,,,TDN,1.000,,,,,,,,
FEZ,3.495,,,,,TDV,1.000,,,,,,,,
OLO,3.455,,,,,TDX,1.000,,,,,,,,
EDV,3.450,,,,,TEST,1.000,,,,,,,,
EWW,3.442,,,,,THHY,1.000,,,,,,,,
TBF,3.426,,,,,TLL,1.000,,,,,,,,
TAN,3.380,,,,,TWON,1.000,,,,,,,,
DBA,3.373,,,,,TWQ,1.000,,,,,,,,
TTT,3.365,,,,,TWTI,1.000,,,,,,,,
TMF,3.345,,,,,TYH,1.000,,,,,,,,
LQD,3.318,,,,,TYP,1.000,,,,,,,,
BND,3.314,,,,,TZD,1.000,,,,,,,,
SHY,3.283,,,,,TZE,1.000,,,,,,,,
EZU,3.202,,,,,TZL,1.000,,,,,,,,
DBC,3.202,,,,,UBD,1.000,,,,,,,,
SMN,3.192,,,,,UDNT,1.000,,,,,,,,
YANG,3.158,,,,,UUPT,1.000,,,,,,,,
UWM,3.139,,,,,UVG,1.000,,,,,,,,
BOIL,3.135,,,,,UVT,1.000,,,,,,,,
PST,3.073,,,,,UXJ,1.000,,,,,,,,
GASL,3.018,,,,,WMW,1.000,,,,,,,,
TXF,3.000,,,,,WREI,1.000,,,,,,,,
USDU,2.983,,,,,XGC,1.000,,,,,,,,
GXC,2.880,,,,,XLBS,1.000,,,,,,,,
ZROZ,2.877,,,,,XLES,1.000,,,,,,,,
TUR,2.874,,,,,XLYS,1.000,,,,,,,,
SEF,2.833,,,,,XOVR,1.000,,,,,,,,
UGLD,2.832,,,,,XVIX,1.000,,,,,,,,
CAD,2.793,,,,,ALUM,1.000,,,,,,,,
PGX,2.789,,,,,COLX,1.000,,,,,,,,
BIB,2.784,,,,,CRBI,1.000,,,,,,,,
TIP,2.770,,,,,CRO,1.000,,,,,,,,
MCHI,2.769,,,,,DIVS,1.000,,,,,,,,
HEDJ,2.744,,,,,EEO,1.000,,,,,,,,
URA,2.736,,,,,ELR,1.000,,,,,,,,
FDN,2.734,,,,,EMEY,1.000,,,,,,,,
EWI,2.710,,,,,FCD,1.000,,,,,,,,
SIL,2.665,,,,,FDV,1.000,,,,,,,,
EWH,2.632,,,,,FISN,1.000,,,,,,,,
EPI,2.609,,,,,FLYX,1.000,,,,,,,,
ERY,2.607,,,,,FNDB,1.000,,,,,,,,
FBM,2.592,,,,,FOL,1.000,,,,,,,,
CYB,2.592,,,,,INFL,1.000,,,,,,,,
QID,2.580,,,,,JFT,1.000,,,,,,,,
OLEM,2.571,,,,,MFLA,1.000,,,,,,,,
WEAT,2.569,,,,,NOMO,1.000,,,,,,,,
IEV,2.568,,,,,PEF,1.000,,,,,,,,
MUB,2.563,,,,,PKOL,1.000,,,,,,,,
IEI,2.534,,,,,PSTL,1.000,,,,,,,,
GREK,2.506,,,,,QQQV,1.000,,,,,,,,
EMB,2.435,,,,,RTW,1.000,,,,,,,,
VGLT,2.429,,,,,SGGG,1.000,,,,,,,,
UGL,2.424,,,,,SHMO,1.000,,,,,,,,
DGP,2.405,,,,,SLVY,1.000,,,,,,,,
RWM,2.390,,,,,,,,,,,,,,
REM,2.384,,,,,,,,,,,,,,
BRZU,2.374,,,,,,,,,,,,,,
BUND,2.365,,,,,,,,,,,,,,
UGA,2.356,,,,,,,,,,,,,,
BAL,2.349,,,,,,,,,,,,,,
VIXY,2.340,,,,,,,,,,,,,,
PGJ,2.330,,,,,,,,,,,,,,
RTH,2.328,,,,,,,,,,,,,,
INDA,2.323,,,,,,,,,,,,,,
BKLN,2.315,,,,,,,,,,,,,,
EWY,2.310,,,,,,,,,,,,,,
SOXL,2.305,,,,,,,,,,,,,,
TLH,2.299,,,,,,,,,,,,,,
YCS,2.294,,,,,,,,,,,,,,
FCG,2.294,,,,,,,,,,,,,,
GSG,2.285,,,,,,,,,,,,,,
MDY,2.285,,,,,,,,,,,,,,
KOL,2.281,,,,,,,,,,,,,,
GAZ,2.263,,,,,,,,,,,,,,
USMV,2.243,,,,,,,,,,,,,,
EWA,2.235,,,,,,,,,,,,,,
AGQ,2.227,,,,,,,,,,,,,,
IEMG,2.225,,,,,,,,,,,,,,
SLX,2.177,,,,,,,,,,,,,,
EDZ,2.159,,,,,,,,,,,,,,
VEA,2.147,,,,,,,,,,,,,,
UST,2.139,,,,,,,,,,,,,,
EMG,2.138,,,,,,,,,,,,,,
RUSS,2.117,,,,,,,,,,,,,,
SGG,2.116,,,,,,,,,,,,,,
GLL,2.108,,,,,,,,,,,,,,
ACWI,2.095,,,,,,,,,,,,,,
RJI,2.083,,,,,,,,,,,,,,
PFF,2.079,,,,,,,,,,,,,,
CIU,2.078,,,,,,,,,,,,,,
EPV,2.076,,,,,,,,,,,,,,
PPLT,2.076,,,,,,,,,,,,,,
KOLD,2.073,,,,,,,,,,,,,,
BIS,2.068,,,,,,,,,,,,,,
RWL,2.065,,,,,,,,,,,,,,
PLW,2.019,,,,,,,,,,,,,,
FM,2.007,,,,,,,,,,,,,,
QLD,1.991,,,,,,,,,,,,,,
BIL,1.987,,,,,,,,,,,,,,
DRR,1.987,,,,,,,,,,,,,,
UBT,1.987,,,,,,,,,,,,,,
DBB,1.981,,,,,,,,,,,,,,
EMV,1.979,,,,,,,,,,,,,,
MLPL,1.968,,,,,,,,,,,,,,
CMD,1.963,,,,,,,,,,,,,,
ILF,1.960,,,,,,,,,,,,,,
SDOW,1.953,,,,,,,,,,,,,,
SBM,1.948,,,,,,,,,,,,,,
TWOL,1.948,,,,,,,,,,,,,,
PIO,1.945,,,,,,,,,,,,,,
MORL,1.937,,,,,,,,,,,,,,
EWT,1.936,,,,,,,,,,,,,,
IGN,1.925,,,,,,,,,,,,,,
NIB,1.921,,,,,,,,,,,,,,
TYO,1.914,,,,,,,,,,,,,,
VT,1.910,,,,,,,,,,,,,,
UNL,1.909,,,,,,,,,,,,,,
FKU,1.900,,,,,,,,,,,,,,
ULE,1.899,,,,,,,,,,,,,,
IJR,1.892,,,,,,,,,,,,,,
DSG,1.891,,,,,,,,,,,,,,
FEU,1.887,,,,,,,,,,,,,,
VDE,1.881,,,,,,,,,,,,,,
UCD,1.880,,,,,,,,,,,,,,
BZQ,1.879,,,,,,,,,,,,,,
DBUK,1.869,,,,,,,,,,,,,,
DJP,1.865,,,,,,,,,,,,,,
GOVT,1.865,,,,,,,,,,,,,,
SIVR,1.856,,,,,,,,,,,,,,
RUSL,1.853,,,,,,,,,,,,,,
DOL,1.850,,,,,,,,,,,,,,
DVY,1.848,,,,,,,,,,,,,,
PALL,1.843,,,,,,,,,,,,,,
MLPY,1.842,,,,,,,,,,,,,,
SDY,1.837,,,,,,,,,,,,,,
DBJP,1.835,,,,,,,,,,,,,,
DOG,1.825,,,,,,,,,,,,,,
GLDI,1.824,,,,,,,,,,,,,,
AMJ,1.823,,,,,,,,,,,,,,
MLPW,1.809,,,,,,,,,,,,,,
ALT,1.807,,,,,,,,,,,,,,
EEH,1.804,,,,,,,,,,,,,,
EDC,1.801,,,,,,,,,,,,,,
CWB,1.798,,,,,,,,,,,,,,
ELD,1.794,,,,,,,,,,,,,,
BOND,1.786,,,,,,,,,,,,,,
KIE,1.785,,,,,,,,,,,,,,
VGT,1.773,,,,,,,,,,,,,,
INDY,1.773,,,,,,,,,,,,,,
DCNG,1.766,,,,,,,,,,,,,,
ARGT,1.762,,,,,,,,,,,,,,
SOCL,1.760,,,,,,,,,,,,,,
IWF,1.757,,,,,,,,,,,,,,
IHI,1.757,,,,,,,,,,,,,,
IWD,1.754,,,,,,,,,,,,,,
RFG,1.753,,,,,,,,,,,,,,
DIG,1.752,,,,,,,,,,,,,,
DLBS,1.745,,,,,,,,,,,,,,
DBEU,1.739,,,,,,,,,,,,,,
IEFA,1.739,,,,,,,,,,,,,,
CCX,1.737,,,,,,,,,,,,,,
SHV,1.737,,,,,,,,,,,,,,
OOK,1.734,,,,,,,,,,,,,,
PGF,1.734,,,,,,,,,,,,,,
RJA,1.728,,,,,,,,,,,,,,
IWN,1.718,,,,,,,,,,,,,,
DGL,1.710,,,,,,,,,,,,,,
ALD,1.701,,,,,,,,,,,,,,
BRF,1.701,,,,,,,,,,,,,,
WMH,1.701,,,,,,,,,,,,,,
CPI,1.701,,,,,,,,,,,,,,
XPP,1.699,,,,,,,,,,,,,,
MTUM,1.693,,,,,,,,,,,,,,
VIG,1.689,,,,,,,,,,,,,,
PKB,1.685,,,,,,,,,,,,,,
DRN,1.683,,,,,,,,,,,,,,
ROBO,1.682,,,,,,,,,,,,,,
CEFL,1.680,,,,,,,,,,,,,,
BUNL,1.676,,,,,,,,,,,,,,
EPS,1.675,,,,,,,,,,,,,,
BAB,1.670,,,,,,,,,,,,,,
THD,1.661,,,,,,,,,,,,,,
SCHH,1.661,,,,,,,,,,,,,,
MDD,1.659,,,,,,,,,,,,,,
YCL,1.659,,,,,,,,,,,,,,
RMB,1.646,,,,,,,,,,,,,,
VEU,1.646,,,,,,,,,,,,,,
MOO,1.641,,,,,,,,,,,,,,
ICF,1.641,,,,,,,,,,,,,,
VXZ,1.637,,,,,,,,,,,,,,
MLPS,1.634,,,,,,,,,,,,,,
DLN,1.631,,,,,,,,,,,,,,
REA,1.629,,,,,,,,,,,,,,
UBM,1.622,,,,,,,,,,,,,,
SCLP,1.620,,,,,,,,,,,,,,
XES,1.620,,,,,,,,,,,,,,
PIN,1.614,,,,,,,,,,,,,,
BBH,1.614,,,,,,,,,,,,,,
IRV,1.612,,,,,,,,,,,,,,
GWO,1.609,,,,,,,,,,,,,,
GULF,1.607,,,,,,,,,,,,,,
PLND,1.607,,,,,,,,,,,,,,
EMLC,1.605,,,,,,,,,,,,,,
DGLD,1.602,,,,,,,,,,,,,,
RTL,1.598,,,,,,,,,,,,,,
YDIV,1.598,,,,,,,,,,,,,,
SILJ,1.596,,,,,,,,,,,,,,
PCY,1.596,,,,,,,,,,,,,,
DSLV,1.594,,,,,,,,,,,,,,
MZN,1.594,,,,,,,,,,,,,,
DNH,1.592,,,,,,,,,,,,,,
IVE,1.592,,,,,,,,,,,,,,
DOO,1.592,,,,,,,,,,,,,,
FBT,1.591,,,,,,,,,,,,,,
UDOW,1.591,,,,,,,,,,,,,,
IGM,1.590,,,,,,,,,,,,,,
VYM,1.586,,,,,,,,,,,,,,
URR,1.586,,,,,,,,,,,,,,
IWS,1.585,,,,,,,,,,,,,,
TWM,1.584,,,,,,,,,,,,,,
DGZ,1.584,,,,,,,,,,,,,,
JKD,1.584,,,,,,,,,,,,,,
EQL,1.582,,,,,,,,,,,,,,
RWR,1.581,,,,,,,,,,,,,,
BLND,1.581,,,,,,,,,,,,,,
XOIL,1.580,,,,,,,,,,,,,,
MCRO,1.579,,,,,,,,,,,,,,
PEK,1.577,,,,,,,,,,,,,,
DEB,1.574,,,,,,,,,,,,,,
VCR,1.574,,,,,,,,,,,,,,
VIIX,1.573,,,,,,,,,,,,,,
GMMB,1.571,,,,,,,,,,,,,,
TFI,1.569,,,,,,,,,,,,,,
BWX,1.566,,,,,,,,,,,,,,
TGR,1.559,,,,,,,,,,,,,,
KBWC,1.559,,,,,,,,,,,,,,
RETL,1.558,,,,,,,,,,,,,,
IJH,1.552,,,,,,,,,,,,,,
VFH,1.550,,,,,,,,,,,,,,
ADRD,1.549,,,,,,,,,,,,,,
PSI,1.544,,,,,,,,,,,,,,
GLDX,1.541,,,,,,,,,,,,,,
IPF,1.540,,,,,,,,,,,,,,
SJNK,1.537,,,,,,,,,,,,,,
EPU,1.534,,,,,,,,,,,,,,
CU,1.532,,,,,,,,,,,,,,
PEY,1.532,,,,,,,,,,,,,,
JJG,1.532,,,,,,,,,,,,,,
URE,1.531,,,,,,,,,,,,,,
BOS,1.529,,,,,,,,,,,,,,
BNDX,1.529,,,,,,,,,,,,,,
MONY,1.529,,,,,,,,,,,,,,
JKG,1.528,,,,,,,,,,,,,,
BDCL,1.528,,,,,,,,,,,,,,
FEP,1.527,,,,,,,,,,,,,,
IWO,1.523,,,,,,,,,,,,,,
HYLD,1.518,,,,,,,,,,,,,,
ZIV,1.517,,,,,,,,,,,,,,
COPX,1.515,,,,,,,,,,,,,,
MBB,1.511,,,,,,,,,,,,,,
SMIN,1.511,,,,,,,,,,,,,,
XPH,1.511,,,,,,,,,,,,,,
PPH,1.509,,,,,,,,,,,,,,
EPHE,1.508,,,,,,,,,,,,,,
VCIT,1.507,,,,,,,,,,,,,,
IQDE,1.500,,,,,,,,,,,,,,
DGT,1.498,,,,,,,,,,,,,,
UMDD,1.496,,,,,,,,,,,,,,
ECH,1.496,,,,,,,,,,,,,,
VOX,1.484,,,,,,,,,,,,,,
HDGE,1.484,,,,,,,,,,,,,,
DEF,1.483,,,,,,,,,,,,,,
IRY,1.481,,,,,,,,,,,,,,
CHNA,1.480,,,,,,,,,,,,,,
GSC,1.480,,,,,,,,,,,,,,
VO,1.476,,,,,,,,,,,,,,
NOBL,1.476,,,,,,,,,,,,,,
RYH,1.473,,,,,,,,,,,,,,
NGE,1.470,,,,,,,,,,,,,,
GASX,1.470,,,,,,,,,,,,,,
VB,1.470,,,,,,,,,,,,,,
PSK,1.469,,,,,,,,,,,,,,
SCHE,1.469,,,,,,,,,,,,,,
KBWB,1.467,,,,,,,,,,,,,,
HYD,1.466,,,,,,,,,,,,,,
COW,1.460,,,,,,,,,,,,,,
UKK,1.459,,,,,,,,,,,,,,
MINT,1.458,,,,,,,,,,,,,,
ZSL,1.456,,,,,,,,,,,,,,
CVOL,1.454,,,,,,,,,,,,,,
CARZ,1.453,,,,,,,,,,,,,,
UBN,1.450,,,,,,,,,,,,,,
DBEF,1.450,,,,,,,,,,,,,,
PBJ,1.449,,,,,,,,,,,,,,
DEE,1.448,,,,,,,,,,,,,,
GXG,1.447,,,,,,,,,,,,,,
VBR,1.447,,,,,,,,,,,,,,
GRI,1.447,,,,,,,,,,,,,,
IWB,1.446,,,,,,,,,,,,,,
SEA,1.445,,,,,,,,,,,,,,
ERUS,1.441,,,,,,,,,,,,,,
CUPM,1.438,,,,,,,,,,,,,,
SCHD,1.436,,,,,,,,,,,,,,
VTV,1.435,,,,,,,,,,,,,,
FCA,1.434,,,,,,,,,,,,,,
MLPA,1.434,,,,,,,,,,,,,,
CEW,1.432,,,,,,,,,,,,,,
MORT,1.432,,,,,,,,,,,,,,
VIS,1.432,,,,,,,,,,,,,,
VPU,1.431,,,,,,,,,,,,,,
TECL,1.431,,,,,,,,,,,,,,
RHM,1.430,,,,,,,,,,,,,,
TSXV,1.427,,,,,,,,,,,,,,
JPNL,1.424,,,,,,,,,,,,,,
VCSH,1.422,,,,,,,,,,,,,,
FLN,1.419,,,,,,,,,,,,,,
EMSA,1.419,,,,,,,,,,,,,,
YXI,1.419,,,,,,,,,,,,,,
FAN,1.417,,,,,,,,,,,,,,
REMX,1.417,,,,,,,,,,,,,,
EIDO,1.416,,,,,,,,,,,,,,
IVW,1.416,,,,,,,,,,,,,,
BSV,1.414,,,,,,,,,,,,,,
IGOV,1.413,,,,,,,,,,,,,,
MLPG,1.413,,,,,,,,,,,,,,
CHOC,1.411,,,,,,,,,,,,,,
BDCS,1.410,,,,,,,,,,,,,,
HDV,1.408,,,,,,,,,,,,,,
AAXJ,1.408,,,,,,,,,,,,,,
FGD,1.406,,,,,,,,,,,,,,
VDC,1.406,,,,,,,,,,,,,,
PJP,1.406,,,,,,,,,,,,,,
VNQI,1.405,,,,,,,,,,,,,,
DNL,1.402,,,,,,,,,,,,,,
RCD,1.401,,,,,,,,,,,,,,
QMN,1.401,,,,,,,,,,,,,,
VGIT,1.400,,,,,,,,,,,,,,
REZ,1.399,,,,,,,,,,,,,,
BIV,1.398,,,,,,,,,,,,,,
JKK,1.395,,,,,,,,,,,,,,
FDIS,1.395,,,,,,,,,,,,,,
DEM,1.394,,,,,,,,,,,,,,
UYG,1.392,,,,,,,,,,,,,,
IAI,1.391,,,,,,,,,,,,,,
VGSH,1.390,,,,,,,,,,,,,,
ANGL,1.390,,,,,,,,,,,,,,
GRN,1.390,,,,,,,,,,,,,,
GURU,1.390,,,,,,,,,,,,,,
MIDU,1.388,,,,,,,,,,,,,,
RHS,1.387,,,,,,,,,,,,,,
VLU,1.385,,,,,,,,,,,,,,
VV,1.385,,,,,,,,,,,,,,
FIO,1.384,,,,,,,,,,,,,,
YAO,1.384,,,,,,,,,,,,,,
FPE,1.383,,,,,,,,,,,,,,
PRFZ,1.383,,,,,,,,,,,,,,
HYEM,1.382,,,,,,,,,,,,,,
BOM,1.381,,,,,,,,,,,,,,
REC,1.381,,,,,,,,,,,,,,
ACWX,1.381,,,,,,,,,,,,,,
FDM,1.380,,,,,,,,,,,,,,
PMR,1.379,,,,,,,,,,,,,,
VTHR,1.378,,,,,,,,,,,,,,
GSW,1.378,,,,,,,,,,,,,,
FNI,1.376,,,,,,,,,,,,,,
RSXJ,1.376,,,,,,,,,,,,,,
XHS,1.375,,,,,,,,,,,,,,
RKH,1.375,,,,,,,,,,,,,,
BJK,1.375,,,,,,,,,,,,,,
IHE,1.373,,,,,,,,,,,,,,
QQEW,1.372,,,,,,,,,,,,,,
PDN,1.371,,,,,,,,,,,,,,
UPV,1.370,,,,,,,,,,,,,,
CPER,1.369,,,,,,,,,,,,,,
IDU,1.369,,,,,,,,,,,,,,
LBJ,1.367,,,,,,,,,,,,,,
QDF,1.367,,,,,,,,,,,,,,
VNM,1.367,,,,,,,,,,,,,,
EMLB,1.366,,,,,,,,,,,,,,
EMCB,1.366,,,,,,,,,,,,,,
SCHX,1.366,,,,,,,,,,,,,,
BKF,1.365,,,,,,,,,,,,,,
JGBD,1.364,,,,,,,,,,,,,,
EIRL,1.364,,,,,,,,,,,,,,
PRN,1.364,,,,,,,,,,,,,,
EPOL,1.363,,,,,,,,,,,,,,
RZG,1.363,,,,,,,,,,,,,,
KRS,1.361,,,,,,,,,,,,,,
CAFE,1.361,,,,,,,,,,,,,,
SJB,1.361,,,,,,,,,,,,,,
GBF,1.361,,,,,,,,,,,,,,
FLOT,1.361,,,,,,,,,,,,,,
REW,1.360,,,,,,,,,,,,,,
VTIP,1.359,,,,,,,,,,,,,,
PEJ,1.358,,,,,,,,,,,,,,
XSD,1.358,,,,,,,,,,,,,,
WOOD,1.355,,,,,,,,,,,,,,
INDL,1.354,,,,,,,,,,,,,,
JKE,1.354,,,,,,,,,,,,,,
LSC,1.354,,,,,,,,,,,,,,
DDP,1.351,,,,,,,,,,,,,,
RFF,1.351,,,,,,,,,,,,,,
BIZD,1.349,,,,,,,,,,,,,,
SKYY,1.349,,,,,,,,,,,,,,
SDOG,1.348,,,,,,,,,,,,,,
DGS,1.348,,,,,,,,,,,,,,
XRO,1.346,,,,,,,,,,,,,,
JGBS,1.345,,,,,,,,,,,,,,
CSJ,1.345,,,,,,,,,,,,,,
EFN,1.344,,,,,,,,,,,,,,
FIGY,1.343,,,,,,,,,,,,,,
OEF,1.343,,,,,,,,,,,,,,
TLO,1.342,,,,,,,,,,,,,,
DBV,1.341,,,,,,,,,,,,,,
DFJ,1.341,,,,,,,,,,,,,,
FENY,1.340,,,,,,,,,,,,,,
PCA,1.340,,,,,,,,,,,,,,
RGI,1.339,,,,,,,,,,,,,,
CSM,1.339,,,,,,,,,,,,,,
GCC,1.338,,,,,,,,,,,,,,
ADRE,1.337,,,,,,,,,,,,,,
RJZ,1.335,,,,,,,,,,,,,,
GSY,1.334,,,,,,,,,,,,,,
OFF,1.334,,,,,,,,,,,,,,
FILL,1.333,,,,,,,,,,,,,,
TRNM,1.333,,,,,,,,,,,,,,
SCHF,1.333,,,,,,,,,,,,,,
PHO,1.332,,,,,,,,,,,,,,
XTN,1.331,,,,,,,,,,,,,,
EFAV,1.330,,,,,,,,,,,,,,
EES,1.329,,,,,,,,,,,,,,
KBWR,1.329,,,,,,,,,,,,,,
DRV,1.328,,,,,,,,,,,,,,
SLVO,1.328,,,,,,,,,,,,,,
CQQQ,1.328,,,,,,,,,,,,,,
GLTR,1.327,,,,,,,,,,,,,,
IGS,1.326,,,,,,,,,,,,,,
JCO,1.326,,,,,,,,,,,,,,
TDD,1.325,,,,,,,,,,,,,,
VIXH,1.325,,,,,,,,,,,,,,
QUAL,1.324,,,,,,,,,,,,,,
DGRW,1.321,,,,,,,,,,,,,,
MGC,1.321,,,,,,,,,,,,,,
RWV,1.321,,,,,,,,,,,,,,
VBK,1.320,,,,,,,,,,,,,,
SCZ,1.320,,,,,,,,,,,,,,
VCLT,1.320,,,,,,,,,,,,,,
FKL,1.319,,,,,,,,,,,,,,
VIXM,1.319,,,,,,,,,,,,,,
VUG,1.318,,,,,,,,,,,,,,
QLT,1.318,,,,,,,,,,,,,,
EEB,1.318,,,,,,,,,,,,,,
FIDU,1.318,,,,,,,,,,,,,,
RZV,1.317,,,,,,,,,,,,,,
SCHB,1.317,,,,,,,,,,,,,,
UCI,1.317,,,,,,,,,,,,,,
MLN,1.317,,,,,,,,,,,,,,
TWOK,1.317,,,,,,,,,,,,,,
UXI,1.314,,,,,,,,,,,,,,
FLAT,1.314,,,,,,,,,,,,,,
VHT,1.311,,,,,,,,,,,,,,
CORP,1.309,,,,,,,,,,,,,,
DON,1.309,,,,,,,,,,,,,,
FEX,1.308,,,,,,,,,,,,,,
DIV,1.308,,,,,,,,,,,,,,
IAT,1.308,,,,,,,,,,,,,,
ICOL,1.307,,,,,,,,,,,,,,
SKK,1.307,,,,,,,,,,,,,,
GRWN,1.307,,,,,,,,,,,,,,
BCM,1.306,,,,,,,,,,,,,,
PKW,1.306,,,,,,,,,,,,,,
JKJ,1.305,,,,,,,,,,,,,,
XMPT,1.305,,,,,,,,,,,,,,
SLY,1.305,,,,,,,,,,,,,,
BDD,1.304,,,,,,,,,,,,,,
PSL,1.303,,,,,,,,,,,,,,
UBG,1.302,,,,,,,,,,,,,,
PGAL,1.302,,,,,,,,,,,,,,
UBR,1.298,,,,,,,,,,,,,,
EFV,1.298,,,,,,,,,,,,,,
PPA,1.298,,,,,,,,,,,,,,
GSR,1.297,,,,,,,,,,,,,,
SHYG,1.297,,,,,,,,,,,,,,
PKN,1.297,,,,,,,,,,,,,,
DLS,1.297,,,,,,,,,,,,,,
YYY,1.296,,,,,,,,,,,,,,
TUZ,1.295,,,,,,,,,,,,,,
DTN,1.293,,,,,,,,,,,,,,
DBP,1.293,,,,,,,,,,,,,,
CROC,1.292,,,,,,,,,,,,,,
USV,1.291,,,,,,,,,,,,,,
SIJ,1.291,,,,,,,,,,,,,,
PCEF,1.291,,,,,,,,,,,,,,
IPU,1.290,,,,,,,,,,,,,,
RING,1.290,,,,,,,,,,,,,,
SCC,1.290,,,,,,,,,,,,,,
SFLA,1.288,,,,,,,,,,,,,,
TECS,1.288,,,,,,,,,,,,,,
XAR,1.288,,,,,,,,,,,,,,
LBND,1.287,,,,,,,,,,,,,,
SCHP,1.287,,,,,,,,,,,,,,
INR,1.285,,,,,,,,,,,,,,
AUSE,1.285,,,,,,,,,,,,,,
INP,1.284,,,,,,,,,,,,,,
DES,1.284,,,,,,,,,,,,,,
QCLN,1.284,,,,,,,,,,,,,,
DTD,1.283,,,,,,,,,,,,,,
MLPI,1.283,,,,,,,,,,,,,,
PHB,1.283,,,,,,,,,,,,,,
XLFS,1.282,,,,,,,,,,,,,,
EIS,1.281,,,,,,,,,,,,,,
DBE,1.281,,,,,,,,,,,,,,
IEO,1.280,,,,,,,,,,,,,,
RYT,1.280,,,,,,,,,,,,,,
TBX,1.280,,,,,,,,,,,,,,
KLD,1.280,,,,,,,,,,,,,,
RFN,1.280,,,,,,,,,,,,,,
PNQI,1.279,,,,,,,,,,,,,,
CURE,1.279,,,,,,,,,,,,,,
IHF,1.279,,,,,,,,,,,,,,
SKOR,1.279,,,,,,,,,,,,,,
EEMV,1.278,,,,,,,,,,,,,,
VIDI,1.277,,,,,,,,,,,,,,
CUT,1.277,,,,,,,,,,,,,,
ALFA,1.275,,,,,,,,,,,,,,
IGV,1.274,,,,,,,,,,,,,,
ADRU,1.273,,,,,,,,,,,,,,
JPP,1.272,,,,,,,,,,,,,,
RYU,1.272,,,,,,,,,,,,,,
VLUE,1.271,,,,,,,,,,,,,,
HYS,1.270,,,,,,,,,,,,,,
FDL,1.269,,,,,,,,,,,,,,
JJM,1.268,,,,,,,,,,,,,,
RPV,1.267,,,,,,,,,,,,,,
DDM,1.267,,,,,,,,,,,,,,
FCAN,1.267,,,,,,,,,,,,,,
FMF,1.266,,,,,,,,,,,,,,
CSCR,1.266,,,,,,,,,,,,,,
ONEQ,1.266,,,,,,,,,,,,,,
NASI,1.264,,,,,,,,,,,,,,
SLVP,1.264,,,,,,,,,,,,,,
RYF,1.264,,,,,,,,,,,,,,
SKF,1.264,,,,,,,,,,,,,,
KBWY,1.263,,,,,,,,,,,,,,
XSW,1.263,,,,,,,,,,,,,,
PRF,1.262,,,,,,,,,,,,,,
IAH,1.262,,,,,,,,,,,,,,
IWR,1.262,,,,,,,,,,,,,,
UAG,1.262,,,,,,,,,,,,,,
JJP,1.261,,,,,,,,,,,,,,
INXX,1.260,,,,,,,,,,,,,,
RYJ,1.260,,,,,,,,,,,,,,
CANE,1.259,,,,,,,,,,,,,,
CNTR,1.259,,,,,,,,,,,,,,
RXL,1.259,,,,,,,,,,,,,,
IJT,1.258,,,,,,,,,,,,,,
EEV,1.258,,,,,,,,,,,,,,
PDP,1.257,,,,,,,,,,,,,,
MLPJ,1.257,,,,,,,,,,,,,,
QTEC,1.257,,,,,,,,,,,,,,
BARN,1.256,,,,,,,,,,,,,,
BLV,1.256,,,,,,,,,,,,,,
ENZL,1.255,,,,,,,,,,,,,,
IPE,1.254,,,,,,,,,,,,,,
IWP,1.254,,,,,,,,,,,,,,
DLBL,1.254,,,,,,,,,,,,,,
RSW,1.253,,,,,,,,,,,,,,
XLG,1.252,,,,,,,,,,,,,,
IGE,1.251,,,,,,,,,,,,,,
DFE,1.250,,,,,,,,,,,,,,
FOS,1.250,,,,,,,,,,,,,,
WSTE,1.249,,,,,,,,,,,,,,
IGF,1.249,,,,,,,,,,,,,,
FBZ,1.248,,,,,,,,,,,,,,
FLAG,1.248,,,,,,,,,,,,,,
IJS,1.248,,,,,,,,,,,,,,
RBL,1.247,,,,,,,,,,,,,,
GWL,1.247,,,,,,,,,,,,,,
UMX,1.247,,,,,,,,,,,,,,
SMDV,1.247,,,,,,,,,,,,,,
ROM,1.244,,,,,,,,,,,,,,
GAF,1.243,,,,,,,,,,,,,,
FONE,1.243,,,,,,,,,,,,,,
IJK,1.243,,,,,,,,,,,,,,
HYXU,1.242,,,,,,,,,,,,,,
TAO,1.241,,,,,,,,,,,,,,
MUNI,1.240,,,,,,,,,,,,,,
PIV,1.239,,,,,,,,,,,,,,
PGM,1.239,,,,,,,,,,,,,,
RMS,1.237,,,,,,,,,,,,,,
PSCE,1.237,,,,,,,,,,,,,,
XHE,1.237,,,,,,,,,,,,,,
CHIQ,1.236,,,,,,,,,,,,,,
PICK,1.235,,,,,,,,,,,,,,
ENFR,1.233,,,,,,,,,,,,,,
GSP,1.232,,,,,,,,,,,,,,
IDV,1.232,,,,,,,,,,,,,,
SCHR,1.231,,,,,,,,,,,,,,
DSI,1.231,,,,,,,,,,,,,,
ICI,1.229,,,,,,,,,,,,,,
PBW,1.229,,,,,,,,,,,,,,
VAW,1.228,,,,,,,,,,,,,,
JKF,1.228,,,,,,,,,,,,,,
FCL,1.227,,,,,,,,,,,,,,
GII,1.227,,,,,,,,,,,,,,
IWV,1.227,,,,,,,,,,,,,,
TYD,1.227,,,,,,,,,,,,,,
FAB,1.226,,,,,,,,,,,,,,
MDYV,1.226,,,,,,,,,,,,,,
FEEU,1.226,,,,,,,,,,,,,,
PSAU,1.224,,,,,,,,,,,,,,
KCE,1.224,,,,,,,,,,,,,,
PEZ,1.224,,,,,,,,,,,,,,
HDIV,1.224,,,,,,,,,,,,,,
CAPE,1.223,,,,,,,,,,,,,,
PEX,1.223,,,,,,,,,,,,,,
GMM,1.223,,,,,,,,,,,,,,
JJA,1.222,,,,,,,,,,,,,,
WFVK,1.222,,,,,,,,,,,,,,
GNMA,1.222,,,,,,,,,,,,,,
DBS,1.221,,,,,,,,,,,,,,
IAK,1.221,,,,,,,,,,,,,,
CWI,1.220,,,,,,,,,,,,,,
EMHY,1.220,,,,,,,,,,,,,,
ONG,1.220,,,,,,,,,,,,,,
BDG,1.220,,,,,,,,,,,,,,
PBS,1.218,,,,,,,,,,,,,,
SCIF,1.218,,,,,,,,,,,,,,
JKI,1.217,,,,,,,,,,,,,,
JJN,1.217,,,,,,,,,,,,,,
VONE,1.216,,,,,,,,,,,,,,
GRV,1.216,,,,,,,,,,,,,,
GOE,1.216,,,,,,,,,,,,,,
BSC,1.216,,,,,,,,,,,,,,
CMF,1.216,,,,,,,,,,,,,,
EPP,1.215,,,,,,,,,,,,,,
DHS,1.215,,,,,,,,,,,,,,
IDX,1.215,,,,,,,,,,,,,,
DRW,1.214,,,,,,,,,,,,,,
FAD,1.214,,,,,,,,,,,,,,
EMCG,1.214,,,,,,,,,,,,,,
INSD,1.214,,,,,,,,,,,,,,
EGPT,1.213,,,,,,,,,,,,,,
XMLV,1.213,,,,,,,,,,,,,,
SNLN,1.213,,,,,,,,,,,,,,
JJT,1.213,,,,,,,,,,,,,,
HECO,1.213,,,,,,,,,,,,,,
GTIP,1.212,,,,,,,,,,,,,,
PFM,1.212,,,,,,,,,,,,,,
IMLP,1.212,,,,,,,,,,,,,,
TRSK,1.212,,,,,,,,,,,,,,
HEVY,1.212,,,,,,,,,,,,,,
LTPZ,1.211,,,,,,,,,,,,,,
NORW,1.211,,,,,,,,,,,,,,
VQT,1.211,,,,,,,,,,,,,,
TAGS,1.210,,,,,,,,,,,,,,
UHN,1.209,,,,,,,,,,,,,,
FIW,1.209,,,,,,,,,,,,,,
VXF,1.208,,,,,,,,,,,,,,
USAG,1.207,,,,,,,,,,,,,,
ACWV,1.207,,,,,,,,,,,,,,
IJJ,1.207,,,,,,,,,,,,,,
RWX,1.206,,,,,,,,,,,,,,
PHDG,1.204,,,,,,,,,,,,,,
SCHZ,1.204,,,,,,,,,,,,,,
CNDA,1.204,,,,,,,,,,,,,,
FLM,1.204,,,,,,,,,,,,,,
MOAT,1.203,,,,,,,,,,,,,,
VPL,1.203,,,,,,,,,,,,,,
PSP,1.203,,,,,,,,,,,,,,
TDIV,1.202,,,,,,,,,,,,,,
HAO,1.201,,,,,,,,,,,,,,
SCPB,1.201,,,,,,,,,,,,,,
PAF,1.201,,,,,,,,,,,,,,
IPD,1.200,,,,,,,,,,,,,,
CCXE,1.200,,,,,,,,,,,,,,
TIPX,1.199,,,,,,,,,,,,,,
MLPX,1.198,,,,,,,,,,,,,,
DFVL,1.198,,,,,,,,,,,,,,
DAG,1.198,,,,,,,,,,,,,,
UYM,1.198,,,,,,,,,,,,,,
MES,1.197,,,,,,,,,,,,,,
DJCI,1.197,,,,,,,,,,,,,,
EEML,1.197,,,,,,,,,,,,,,
DTH,1.196,,,,,,,,,,,,,,
QDYN,1.196,,,,,,,,,,,,,,
IEZ,1.195,,,,,,,,,,,,,,
SBB,1.195,,,,,,,,,,,,,,
ENY,1.195,,,,,,,,,,,,,,
HYMB,1.194,,,,,,,,,,,,,,
PRB,1.194,,,,,,,,,,,,,,
ADRA,1.194,,,,,,,,,,,,,,
RTM,1.193,,,,,,,,,,,,,,
BTAL,1.193,,,,,,,,,,,,,,
FNCL,1.192,,,,,,,,,,,,,,
VXUS,1.192,,,,,,,,,,,,,,
USCI,1.192,,,,,,,,,,,,,,
GLJ,1.192,,,,,,,,,,,,,,
GGOV,1.191,,,,,,,,,,,,,,
SDYL,1.190,,,,,,,,,,,,,,
PSCT,1.190,,,,,,,,,,,,,,
BZF,1.190,,,,,,,,,,,,,,
GMF,1.189,,,,,,,,,,,,,,
PSJ,1.189,,,,,,,,,,,,,,
IGEM,1.189,,,,,,,,,,,,,,
SOIL,1.188,,,,,,,,,,,,,,
DDG,1.188,,,,,,,,,,,,,,
IFGL,1.187,,,,,,,,,,,,,,
GCE,1.185,,,,,,,,,,,,,,
SCHA,1.185,,,,,,,,,,,,,,
LD,1.184,,,,,,,,,,,,,,
SCHM,1.184,,,,,,,,,,,,,,
XTL,1.184,,,,,,,,,,,,,,
RJN,1.184,,,,,,,,,,,,,,
SDP,1.184,,,,,,,,,,,,,,
QAI,1.184,,,,,,,,,,,,,,
PBE,1.183,,,,,,,,,,,,,,
LSTK,1.183,,,,,,,,,,,,,,
XSLV,1.183,,,,,,,,,,,,,,
RWO,1.183,,,,,,,,,,,,,,
GSZ,1.182,,,,,,,,,,,,,,
UTH,1.182,,,,,,,,,,,,,,
INCO,1.182,,,,,,,,,,,,,,
GUR,1.182,,,,,,,,,,,,,,
NLR,1.181,,,,,,,,,,,,,,
VMBS,1.180,,,,,,,,,,,,,,
PSR,1.179,,,,,,,,,,,,,,
JJU,1.179,,,,,,,,,,,,,,
FINU,1.179,,,,,,,,,,,,,,
SMDD,1.179,,,,,,,,,,,,,,
IESM,1.179,,,,,,,,,,,,,,
DIM,1.179,,,,,,,,,,,,,,
DGRS,1.178,,,,,,,,,,,,,,
ULST,1.178,,,,,,,,,,,,,,
AUNZ,1.177,,,,,,,,,,,,,,
PICB,1.177,,,,,,,,,,,,,,
SMLV,1.177,,,,,,,,,,,,,,
JJE,1.176,,,,,,,,,,,,,,
UKW,1.176,,,,,,,,,,,,,,
CRBQ,1.176,,,,,,,,,,,,,,
TTFS,1.175,,,,,,,,,,,,,,
FCOM,1.175,,,,,,,,,,,,,,
IPN,1.174,,,,,,,,,,,,,,
MINC,1.174,,,,,,,,,,,,,,
VTWO,1.174,,,,,,,,,,,,,,
AIA,1.173,,,,,,,,,,,,,,
CMBS,1.173,,,,,,,,,,,,,,
SGAR,1.172,,,,,,,,,,,,,,
RXI,1.172,,,,,,,,,,,,,,
SHM,1.171,,,,,,,,,,,,,,
FGM,1.170,,,,,,,,,,,,,,
QQQE,1.170,,,,,,,,,,,,,,
ICN,1.169,,,,,,,,,,,,,,
FJP,1.169,,,,,,,,,,,,,,
TLTE,1.169,,,,,,,,,,,,,,
QLTC,1.169,,,,,,,,,,,,,,
UBC,1.169,,,,,,,,,,,,,,
GSD,1.169,,,,,,,,,,,,,,
KWT,1.168,,,,,,,,,,,,,,
AMU,1.168,,,,,,,,,,,,,,
RYE,1.167,,,,,,,,,,,,,,
JGBL,1.167,,,,,,,,,,,,,,
CZI,1.167,,,,,,,,,,,,,,
EMT,1.167,,,,,,,,,,,,,,
NY,1.166,,,,,,,,,,,,,,
BUNT,1.166,,,,,,,,,,,,,,
ASO,1.164,,,,,,,,,,,,,,
BIK,1.164,,,,,,,,,,,,,,
TPS,1.164,,,,,,,,,,,,,,
PSCD,1.163,,,,,,,,,,,,,,
KORU,1.163,,,,,,,,,,,,,,
BGZ,1.163,,,,,,,,,,,,,,
EET,1.163,,,,,,,,,,,,,,
FLRN,1.162,,,,,,,,,,,,,,
QABA,1.162,,,,,,,,,,,,,,
VSPY,1.162,,,,,,,,,,,,,,
QQQQ,1.162,,,,,,,,,,,,,,
LEMB,1.162,,,,,,,,,,,,,,
IFEU,1.162,,,,,,,,,,,,,,
TIPZ,1.161,,,,,,,,,,,,,,
FNK,1.161,,,,,,,,,,,,,,
PBD,1.161,,,,,,,,,,,,,,
SLYG,1.161,,,,,,,,,,,,,,
VSS,1.160,,,,,,,,,,,,,,
JKL,1.160,,,,,,,,,,,,,,
DBGR,1.160,,,,,,,,,,,,,,
EDIV,1.160,,,,,,,,,,,,,,
CEMB,1.160,,,,,,,,,,,,,,
JKH,1.160,,,,,,,,,,,,,,
RPG,1.160,,,,,,,,,,,,,,
SCIN,1.159,,,,,,,,,,,,,,
ENOR,1.159,,,,,,,,,,,,,,
SAA,1.159,,,,,,,,,,,,,,
MNA,1.159,,,,,,,,,,,,,,
JPX,1.159,,,,,,,,,,,,,,
NINI,1.159,,,,,,,,,,,,,,
PLTM,1.158,,,,,,,,,,,,,,
MDYG,1.158,,,,,,,,,,,,,,
DSUM,1.157,,,,,,,,,,,,,,
QLTA,1.157,,,,,,,,,,,,,,
PIC,1.157,,,,,,,,,,,,,,
PSCF,1.156,,,,,,,,,,,,,,
SBND,1.155,,,,,,,,,,,,,,
TLTD,1.155,,,,,,,,,,,,,,
HILO,1.155,,,,,,,,,,,,,,
PFXF,1.154,,,,,,,,,,,,,,
KNOW,1.153,,,,,,,,,,,,,,
XXV,1.153,,,,,,,,,,,,,,
SDIV,1.153,,,,,,,,,,,,,,
SLYV,1.152,,,,,,,,,,,,,,
IDLV,1.152,,,,,,,,,,,,,,
VWOB,1.150,,,,,,,,,,,,,,
AGZD,1.150,,,,,,,,,,,,,,
FDT,1.150,,,,,,,,,,,,,,
CHIX,1.150,,,,,,,,,,,,,,
EELV,1.150,,,,,,,,,,,,,,
SMK,1.149,,,,,,,,,,,,,,
MRGR,1.149,,,,,,,,,,,,,,
CTNN,1.149,,,,,,,,,,,,,,
RLY,1.148,,,,,,,,,,,,,,
UCC,1.148,,,,,,,,,,,,,,
GRU,1.148,,,,,,,,,,,,,,
PSCM,1.147,,,,,,,,,,,,,,
PBP,1.147,,,,,,,,,,,,,,
DBBR,1.146,,,,,,,,,,,,,,
EDEN,1.146,,,,,,,,,,,,,,
MVV,1.146,,,,,,,,,,,,,,
PFI,1.145,,,,,,,,,,,,,,
SCHV,1.145,,,,,,,,,,,,,,
WIP,1.145,,,,,,,,,,,,,,
ECON,1.144,,,,,,,,,,,,,,
KRU,1.144,,,,,,,,,,,,,,
FAUS,1.143,,,,,,,,,,,,,,
IBDB,1.143,,,,,,,,,,,,,,
INY,1.143,,,,,,,,,,,,,,
EBND,1.143,,,,,,,,,,,,,,
VOE,1.143,,,,,,,,,,,,,,
AGF,1.142,,,,,,,,,,,,,,
EMCD,1.142,,,,,,,,,,,,,,
FCHI,1.141,,,,,,,,,,,,,,
IDXJ,1.141,,,,,,,,,,,,,,
EMLP,1.140,,,,,,,,,,,,,,
JGBT,1.140,,,,,,,,,,,,,,
SLQD,1.139,,,,,,,,,,,,,,
RALS,1.138,,,,,,,,,,,,,,
AGA,1.137,,,,,,,,,,,,,,
MTK,1.137,,,,,,,,,,,,,,
XVZ,1.137,,,,,,,,,,,,,,
VEGI,1.137,,,,,,,,,,,,,,
SCJ,1.136,,,,,,,,,,,,,,
UPW,1.136,,,,,,,,,,,,,,
VTWG,1.136,,,,,,,,,,,,,,
IOO,1.136,,,,,,,,,,,,,,
BXUB,1.135,,,,,,,,,,,,,,
WPS,1.134,,,,,,,,,,,,,,
GRID,1.133,,,,,,,,,,,,,,
IDHQ,1.133,,,,,,,,,,,,,,
HDG,1.133,,,,,,,,,,,,,,
PID,1.133,,,,,,,,,,,,,,
WEET,1.132,,,,,,,,,,,,,,
TDTT,1.132,,,,,,,,,,,,,,
IPFF,1.131,,,,,,,,,,,,,,
MDIV,1.130,,,,,,,,,,,,,,
GNR,1.130,,,,,,,,,,,,,,
NASH,1.130,,,,,,,,,,,,,,
FHK,1.130,,,,,,,,,,,,,,
GML,1.129,,,,,,,,,,,,,,
TOK,1.129,,,,,,,,,,,,,,
GEX,1.128,,,,,,,,,,,,,,
FMAT,1.128,,,,,,,,,,,,,,
INKM,1.128,,,,,,,,,,,,,,
ILTB,1.128,,,,,,,,,,,,,,
ACIM,1.128,,,,,,,,,,,,,,
PSCI,1.127,,,,,,,,,,,,,,
ESR,1.127,,,,,,,,,,,,,,
GVT,1.127,,,,,,,,,,,,,,
EMDD,1.126,,,,,,,,,,,,,,
CHII,1.126,,,,,,,,,,,,,,
IPW,1.125,,,,,,,,,,,,,,
FMK,1.125,,,,,,,,,,,,,,
TTH,1.124,,,,,,,,,,,,,,
AFK,1.124,,,,,,,,,,,,,,
IQDF,1.124,,,,,,,,,,,,,,
PSCH,1.123,,,,,,,,,,,,,,
AOR,1.122,,,,,,,,,,,,,,
MXI,1.121,,,,,,,,,,,,,,
MBG,1.121,,,,,,,,,,,,,,
VOOG,1.121,,,,,,,,,,,,,,
FIL,1.120,,,,,,,,,,,,,,
ROOF,1.119,,,,,,,,,,,,,,
KXI,1.119,,,,,,,,,,,,,,
IHY,1.119,,,,,,,,,,,,,,
QQQC,1.119,,,,,,,,,,,,,,
EMBB,1.118,,,,,,,,,,,,,,
EMFT,1.118,,,,,,,,,,,,,,
ECNS,1.118,,,,,,,,,,,,,,
BFOR,1.117,,,,,,,,,,,,,,
EMIF,1.117,,,,,,,,,,,,,,
TVIZ,1.117,,,,,,,,,,,,,,
SCHG,1.117,,,,,,,,,,,,,,
VONG,1.116,,,,,,,,,,,,,,
ICLN,1.116,,,,,,,,,,,,,,
HVPW,1.116,,,,,,,,,,,,,,
FHLC,1.116,,,,,,,,,,,,,,
SCHO,1.116,,,,,,,,,,,,,,
KBWD,1.116,,,,,,,,,,,,,,
IFNA,1.115,,,,,,,,,,,,,,
KFYP,1.114,,,,,,,,,,,,,,
MOM,1.114,,,,,,,,,,,,,,
DPK,1.114,,,,,,,,,,,,,,
IDOG,1.114,,,,,,,,,,,,,,
GRES,1.113,,,,,,,,,,,,,,
FOIL,1.112,,,,,,,,,,,,,,
CGW,1.112,,,,,,,,,,,,,,
DPC,1.112,,,,,,,,,,,,,,
HUSE,1.111,,,,,,,,,,,,,,
RRF,1.111,,,,,,,,,,,,,,
AADR,1.111,,,,,,,,,,,,,,
CHIM,1.110,,,,,,,,,,,,,,
BWV,1.110,,,,,,,,,,,,,,
CSD,1.110,,,,,,,,,,,,,,
DBU,1.109,,,,,,,,,,,,,,
DGRE,1.109,,,,,,,,,,,,,,
PAGG,1.109,,,,,,,,,,,,,,
CHIB,1.108,,,,,,,,,,,,,,
PMY,1.108,,,,,,,,,,,,,,
KROO,1.107,,,,,,,,,,,,,,
VONV,1.107,,,,,,,,,,,,,,
RFV,1.106,,,,,,,,,,,,,,
QQXT,1.106,,,,,,,,,,,,,,
FDD,1.106,,,,,,,,,,,,,,
EFG,1.105,,,,,,,,,,,,,,
LWC,1.105,,,,,,,,,,,,,,
RIGS,1.105,,,,,,,,,,,,,,
QLTB,1.104,,,,,,,,,,,,,,
AND,1.103,,,,,,,,,,,,,,
DOD,1.102,,,,,,,,,,,,,,
SIZ,1.100,,,,,,,,,,,,,,
TYNS,1.100,,,,,,,,,,,,,,
IGHG,1.099,,,,,,,,,,,,,,
SICK,1.099,,,,,,,,,,,,,,
URTY,1.099,,,,,,,,,,,,,,
MYY,1.098,,,,,,,,,,,,,,
EFNL,1.098,,,,,,,,,,,,,,
PMA,1.098,,,,,,,,,,,,,,
FNDA,1.097,,,,,,,,,,,,,,
PSCC,1.097,,,,,,,,,,,,,,
AXJL,1.096,,,,,,,,,,,,,,
EFZ,1.096,,,,,,,,,,,,,,
TOTS,1.096,,,,,,,,,,,,,,
NYF,1.095,,,,,,,,,,,,,,
FLTR,1.095,,,,,,,,,,,,,,
WITE,1.095,,,,,,,,,,,,,,
CONG,1.094,,,,,,,,,,,,,,
RDIV,1.094,,,,,,,,,,,,,,
EMER,1.094,,,,,,,,,,,,,,
MIDZ,1.093,,,,,,,,,,,,,,
KBWP,1.092,,,,,,,,,,,,,,
BRAQ,1.092,,,,,,,,,,,,,,
PERM,1.091,,,,,,,,,,,,,,
RXD,1.091,,,,,,,,,,,,,,
RFL,1.091,,,,,,,,,,,,,,
FNY,1.090,,,,,,,,,,,,,,
UJB,1.090,,,,,,,,,,,,,,
URTH,1.089,,,,,,,,,,,,,,
UMM,1.088,,,,,,,,,,,,,,
FAA,1.088,,,,,,,,,,,,,,
BRAZ,1.088,,,,,,,,,,,,,,
BXUC,1.087,,,,,,,,,,,,,,
GQRE,1.087,,,,,,,,,,,,,,
CSLS,1.087,,,,,,,,,,,,,,
AYT,1.087,,,,,,,,,,,,,,
TDTF,1.086,,,,,,,,,,,,,,
GAL,1.086,,,,,,,,,,,,,,
FKO,1.086,,,,,,,,,,,,,,
RWW,1.086,,,,,,,,,,,,,,
JXI,1.085,,,,,,,,,,,,,,
VIIZ,1.085,,,,,,,,,,,,,,
HYZD,1.085,,,,,,,,,,,,,,
RWJ,1.084,,,,,,,,,,,,,,
VTWV,1.084,,,,,,,,,,,,,,
VOT,1.084,,,,,,,,,,,,,,
FEMS,1.083,,,,,,,,,,,,,,
BLNG,1.083,,,,,,,,,,,,,,
MLPN,1.083,,,,,,,,,,,,,,
PGD,1.082,,,,,,,,,,,,,,
GUNR,1.081,,,,,,,,,,,,,,
KBWI,1.080,,,,,,,,,,,,,,
GIVE,1.080,,,,,,,,,,,,,,
FNDX,1.080,,,,,,,,,,,,,,
ASEA,1.079,,,,,,,,,,,,,,
CHEP,1.079,,,,,,,,,,,,,,
LGLV,1.079,,,,,,,,,,,,,,
FEM,1.079,,,,,,,,,,,,,,
ROLA,1.077,,,,,,,,,,,,,,
ADZ,1.077,,,,,,,,,,,,,,
GXF,1.077,,,,,,,,,,,,,,
FINZ,1.076,,,,,,,,,,,,,,
SDD,1.075,,,,,,,,,,,,,,
CLY,1.074,,,,,,,,,,,,,,
AOM,1.074,,,,,,,,,,,,,,
HYHG,1.074,,,,,,,,,,,,,,
CZA,1.074,,,,,,,,,,,,,,
DIRT,1.074,,,,,,,,,,,,,,
SMB,1.073,,,,,,,,,,,,,,
GTAA,1.072,,,,,,,,,,,,,,
CBND,1.071,,,,,,,,,,,,,,
FNX,1.071,,,,,,,,,,,,,,
WDTI,1.070,,,,,,,,,,,,,,
QDEF,1.070,,,,,,,,,,,,,,
FNDE,1.070,,,,,,,,,,,,,,
AGND,1.070,,,,,,,,,,,,,,
EEN,1.070,,,,,,,,,,,,,,
REK,1.070,,,,,,,,,,,,,,
PSCU,1.070,,,,,,,,,,,,,,
SIZE,1.067,,,,,,,,,,,,,,
AOK,1.067,,,,,,,,,,,,,,
ATMP,1.067,,,,,,,,,,,,,,
BWZ,1.067,,,,,,,,,,,,,,
MMTM,1.066,,,,,,,,,,,,,,
DBEM,1.066,,,,,,,,,,,,,,
IELG,1.066,,,,,,,,,,,,,,
WMCR,1.066,,,,,,,,,,,,,,
EEMS,1.065,,,,,,,,,,,,,,
CSMA,1.064,,,,,,,,,,,,,,
RAVI,1.063,,,,,,,,,,,,,,
COBO,1.063,,,,,,,,,,,,,,
CXA,1.063,,,,,,,,,,,,,,
VIOO,1.062,,,,,,,,,,,,,,
LEDD,1.061,,,,,,,,,,,,,,
EMAG,1.061,,,,,,,,,,,,,,
UGE,1.061,,,,,,,,,,,,,,
TYBS,1.060,,,,,,,,,,,,,,
YMLP,1.060,,,,,,,,,,,,,,
HSPX,1.059,,,,,,,,,,,,,,
TBZ,1.058,,,,,,,,,,,,,,
NFRA,1.058,,,,,,,,,,,,,,
LVL,1.058,,,,,,,,,,,,,,
RWK,1.057,,,,,,,,,,,,,,
RTR,1.057,,,,,,,,,,,,,,
GHYG,1.055,,,,,,,,,,,,,,
MGK,1.054,,,,,,,,,,,,,,
CVY,1.051,,,,,,,,,,,,,,
VIOG,1.051,,,,,,,,,,,,,,
HYLS,1.051,,,,,,,,,,,,,,
MGV,1.051,,,,,,,,,,,,,,
EMCR,1.050,,,,,,,,,,,,,,
VIOV,1.049,,,,,,,,,,,,,,
GVI,1.048,,,,,,,,,,,,,,
EEME,1.048,,,,,,,,,,,,,,
JSC,1.048,,,,,,,,,,,,,,
QEH,1.045,,,,,,,,,,,,,,
EMFM,1.045,,,,,,,,,,,,,,
JGBB,1.044,,,,,,,,,,,,,,
VEGA,1.043,,,,,,,,,,,,,,
BABS,1.043,,,,,,,,,,,,,,
AGZ,1.042,,,,,,,,,,,,,,
BICK,1.041,,,,,,,,,,,,,,
MLPC,1.041,,,,,,,,,,,,,,
HYND,1.041,,,,,,,,,,,,,,
BSJI,1.041,,,,,,,,,,,,,,
BSJG,1.039,,,,,,,,,,,,,,
BSCG,1.038,,,,,,,,,,,,,,
ASDR,1.038,,,,,,,,,,,,,,
AOA,1.038,,,,,,,,,,,,,,
WDIV,1.038,,,,,,,,,,,,,,
NYC,1.038,,,,,,,,,,,,,,
HAP,1.038,,,,,,,,,,,,,,
VOOV,1.038,,,,,,,,,,,,,,
LTL,1.035,,,,,,,,,,,,,,
TILT,1.035,,,,,,,,,,,,,,
FFR,1.034,,,,,,,,,,,,,,
BSCI,1.033,,,,,,,,,,,,,,
BSCJ,1.031,,,,,,,,,,,,,,
BSCK,1.028,,,,,,,,,,,,,,
CNPF,1.027,,,,,,,,,,,,,,
IPS,1.026,,,,,,,,,,,,,,
ROSA,1.025,,,,,,,,,,,,,,
IBND,1.024,,,,,,,,,,,,,,
FNDF,1.024,,,,,,,,,,,,,,
PIE,1.024,,,,,,,,,,,,,,
ILB,1.023,,,,,,,,,,,,,,
GWX,1.023,,,,,,,,,,,,,,
PIZ,1.022,,,,,,,,,,,,,,
EEZ,1.021,,,,,,,,,,,,,,
SJL,1.020,,,,,,,,,,,,,,
BSJK,1.020,,,,,,,,,,,,,,
GMTB,1.019,,,,,,,,,,,,,,
GYLD,1.019,,,,,,,,,,,,,,
JEM,1.019,,,,,,,,,,,,,,
CRUD,1.018,,,,,,,,,,,,,,
SCHC,1.018,,,,,,,,,,,,,,
FDTS,1.017,,,,,,,,,,,,,,
YMLI,1.017,,,,,,,,,,,,,,
BSJJ,1.016,,,,,,,,,,,,,,
BSCH,1.013,,,,,,,,,,,,,,
GNAT,1.012,,,,,,,,,,,,,,
PGHY,1.011,,,,,,,,,,,,,,
DENT,1.010,,,,,,,,,,,,,,
DPU,1.010,,,,,,,,,,,,,,
UEM,1.009,,,,,,,,,,,,,,
BSCL,1.007,,,,,,,,,,,,,,
BBRC,1.007,,,,,,,,,,,,,,
BSCM,1.005,,,,,,,,,,,,,,
BSJH,1.004,,,,,,,,,,,,,,
CROP,1.003,,,,,,,,,,,,,,
EFO,1.002,,,,,,,,,,,,,,
RVNU,1.002,,,,,,,,,,,,,,
DEW,1.001,,,,,,,,,,,,,,
FNDC,1.001,,,,,,,,,,,,,,
AAIT,1.000,,,,,,,,,,,,,,
ABCS,1.000,,,,,,,,,,,,,,
AGOL,1.000,,,,,,,,,,,,,,
AXIT,1.000,,,,,,,,,,,,,,
AZIA,1.000,,,,,,,,,,,,,,
BGU,1.000,,,,,,,,,,,,,,
BONO,1.000,,,,,,,,,,,,,,
BRAF,1.000,,,,,,,,,,,,,,
BRIS,1.000,,,,,,,,,,,,,,
BRXX,1.000,,,,,,,,,,,,,,
BRZS,1.000,,,,,,,,,,,,,,
BSCF,1.000,,,,,,,,,,,,,,
BSJF,1.000,,,,,,,,,,,,,,
BSR,1.000,,,,,,,,,,,,,,
BVT,1.000,,,,,,,,,,,,,,
CFT,1.000,,,,,,,,,,,,,,
CHIE,1.000,,,,,,,,,,,,,,
CHXF,1.000,,,,,,,,,,,,,,
CSCB,1.000,,,,,,,,,,,,,,
CSMB,1.000,,,,,,,,,,,,,,
DBAP,1.000,,,,,,,,,,,,,,
DBT,1.000,,,,,,,,,,,,,,
DDI,1.000,,,,,,,,,,,,,,
DKA,1.000,,,,,,,,,,,,,,
DMM,1.000,,,,,,,,,,,,,,
DND,1.000,,,,,,,,,,,,,,
DOIL,1.000,,,,,,,,,,,,,,
DSTJ,1.000,,,,,,,,,,,,,,
DSV,1.000,,,,,,,,,,,,,,
EEG,1.000,,,,,,,,,,,,,,
EEHB,1.000,,,,,,,,,,,,,,
EFU,1.000,,,,,,,,,,,,,,
EKH,1.000,,,,,,,,,,,,,,
ELG,1.000,,,,,,,,,,,,,,
EMDI,1.000,,,,,,,,,,,,,,
EMM,1.000,,,,,,,,,,,,,,
ERW,1.000,,,,,,,,,,,,,,
FCV,1.000,,,,,,,,,,,,,,
FHC,1.000,,,,,,,,,,,,,,
FLG,1.000,,,,,,,,,,,,,,
FMV,1.000,,,,,,,,,,,,,,
FPA,1.000,,,,,,,,,,,,,,
GASZ,1.000,,,,,,,,,,,,,,
GDAY,1.000,,,,,,,,,,,,,,
GERJ,1.000,,,,,,,,,,,,,,
GGGG,1.000,,,,,,,,,,,,,,
GLCB,1.000,,,,,,,,,,,,,,
GSGO,1.000,,,,,,,,,,,,,,
GSMA,1.000,,,,,,,,,,,,,,
GSO,1.000,,,,,,,,,,,,,,
GSRA,1.000,,,,,,,,,,,,,,
HGI,1.000,,,,,,,,,,,,,,
HHH,1.000,,,,,,,,,,,,,,
HYE,1.000,,,,,,,,,,,,,,
IBCB,1.000,,,,,,,,,,,,,,
IBCC,1.000,,,,,,,,,,,,,,
IBCD,1.000,,,,,,,,,,,,,,
IBCE,1.000,,,,,,,,,,,,,,
IBDA,1.000,,,,,,,,,,,,,,
IBDC,1.000,,,,,,,,,,,,,,
IBDD,1.000,,,,,,,,,,,,,,
IDHB,1.000,,,,,,,,,,,,,,
IFAS,1.000,,,,,,,,,,,,,,
IFSM,1.000,,,,,,,,,,,,,,
IGU,1.000,,,,,,,,,,,,,,
IGW,1.000,,,,,,,,,,,,,,
IIH,1.000,,,,,,,,,,,,,,
IOIL,1.000,,,,,,,,,,,,,,
IPK,1.000,,,,,,,,,,,,,,
IQDY,1.000,,,,,,,,,,,,,,
IRO,1.000,,,,,,,,,,,,,,
JJS,1.000,,,,,,,,,,,,,,
JYF,1.000,,,,,,,,,,,,,,
KME,1.000,,,,,,,,,,,,,,
LATM,1.000,,,,,,,,,,,,,,
LHB,1.000,,,,,,,,,,,,,,
MATH,1.000,,,,,,,,,,,,,,
MATL,1.000,,,,,,,,,,,,,,
MKH,1.000,,,,,,,,,,,,,,
MWJ,1.000,,,,,,,,,,,,,,
MZZ,1.000,,,,,,,,,,,,,,
NFO,1.000,,,,,,,,,,,,,,
ONN,1.000,,,,,,,,,,,,,,
OTP,1.000,,,,,,,,,,,,,,
OTR,1.000,,,,,,,,,,,,,,
PAO,1.000,,,,,,,,,,,,,,
PFA,1.000,,,,,,,,,,,,,,
PFEM,1.000,,,,,,,,,,,,,,
PFIG,1.000,,,,,,,,,,,,,,
PIQ,1.000,,,,,,,,,,,,,,
PJF,1.000,,,,,,,,,,,,,,
PLK,1.000,,,,,,,,,,,,,,
PMNA,1.000,,,,,,,,,,,,,,
PQY,1.000,,,,,,,,,,,,,,
PQZ,1.000,,,,,,,,,,,,,,
QQQM,1.000,,,,,,,,,,,,,,
RETS,1.000,,,,,,,,,,,,,,
RHO,1.000,,,,,,,,,,,,,,
RMM,1.000,,,,,,,,,,,,,,
ROB,1.000,,,,,,,,,,,,,,
ROI,1.000,,,,,,,,,,,,,,
RPX,1.000,,,,,,,,,,,,,,
RSU,1.000,,,,,,,,,,,,,,
RTG,1.000,,,,,,,,,,,,,,
RWG,1.000,,,,,,,,,,,,,,
RWXL,1.000,,,,,,,,,,,,,,
SAGG,1.000,,,,,,,,,,,,,,
SBV,1.000,,,,,,,,,,,,,,
SCOG,1.000,,,,,,,,,,,,,,
SCTR,1.000,,,,,,,,,,,,,,
SJH,1.000,,,,,,,,,,,,,,
SMMU,1.000,,,,,,,,,,,,,,
TDN,1.000,,,,,,,,,,,,,,
TDV,1.000,,,,,,,,,,,,,,
TDX,1.000,,,,,,,,,,,,,,
TEST,1.000,,,,,,,,,,,,,,
THHY,1.000,,,,,,,,,,,,,,
TLL,1.000,,,,,,,,,,,,,,
TWON,1.000,,,,,,,,,,,,,,
TWQ,1.000,,,,,,,,,,,,,,
TWTI,1.000,,,,,,,,,,,,,,
TYH,1.000,,,,,,,,,,,,,,
TYP,1.000,,,,,,,,,,,,,,
TZD,1.000,,,,,,,,,,,,,,
TZE,1.000,,,,,,,,,,,,,,
TZL,1.000,,,,,,,,,,,,,,
UBD,1.000,,,,,,,,,,,,,,
UDNT,1.000,,,,,,,,,,,,,,
UUPT,1.000,,,,,,,,,,,,,,
UVG,1.000,,,,,,,,,,,,,,
UVT,1.000,,,,,,,,,,,,,,
UXJ,1.000,,,,,,,,,,,,,,
WMW,1.000,,,,,,,,,,,,,,
WREI,1.000,,,,,,,,,,,,,,
XGC,1.000,,,,,,,,,,,,,,
XLBS,1.000,,,,,,,,,,,,,,
XLES,1.000,,,,,,,,,,,,,,
XLYS,1.000,,,,,,,,,,,,,,
XOVR,1.000,,,,,,,,,,,,,,
XVIX,1.000,,,,,,,,,,,,,,
ALUM,1.000,,,,,,,,,,,,,,
COLX,1.000,,,,,,,,,,,,,,
CRBI,1.000,,,,,,,,,,,,,,
CRO,1.000,,,,,,,,,,,,,,
DIVS,1.000,,,,,,,,,,,,,,
EEO,1.000,,,,,,,,,,,,,,
ELR,1.000,,,,,,,,,,,,,,
EMEY,1.000,,,,,,,,,,,,,,
FCD,1.000,,,,,,,,,,,,,,
FDV,1.000,,,,,,,,,,,,,,
FISN,1.000,,,,,,,,,,,,,,
FLYX,1.000,,,,,,,,,,,,,,
FNDB,1.000,,,,,,,,,,,,,,
FOL,1.000,,,,,,,,,,,,,,
INFL,1.000,,,,,,,,,,,,,,
JFT,1.000,,,,,,,,,,,,,,
MFLA,1.000,,,,,,,,,,,,,,
NOMO,1.000,,,,,,,,,,,,,,
PEF,1.000,,,,,,,,,,,,,,
PKOL,1.000,,,,,,,,,,,,,,
PSTL,1.000,,,,,,,,,,,,,,
QQQV,1.000,,,,,,,,,,,,,,
RTW,1.000,,,,,,,,,,,,,,
SGGG,1.000,,,,,,,,,,,,,,
SHMO,1.000,,,,,,,,,,,,,,
SLVY,1.000,,,,,,,,,,,,,,
,,,,,,,,,,,,,,,
